{
    "3_plain": {
        "ops_time": 12.014940023422241,
        "total_time": 20.361536741256714,
        "final_memory_usage": 28.4140625,
        "memory_usage_over_time": [
            [
                0.0005354881286621094,
                28.2890625
            ],
            [
                0.5017833709716797,
                28.4140625
            ],
            [
                1.002756118774414,
                28.4140625
            ],
            [
                1.5037472248077393,
                28.4140625
            ],
            [
                2.004743814468384,
                28.4140625
            ],
            [
                2.5058019161224365,
                28.4140625
            ],
            [
                3.007481813430786,
                28.4140625
            ],
            [
                3.507751226425171,
                28.4140625
            ],
            [
                4.0097126960754395,
                28.4140625
            ],
            [
                4.511885166168213,
                28.4140625
            ],
            [
                5.013874769210815,
                28.4140625
            ],
            [
                5.514888763427734,
                28.4140625
            ],
            [
                6.015939712524414,
                28.4140625
            ],
            [
                6.516895771026611,
                28.4140625
            ],
            [
                7.017890453338623,
                28.4140625
            ],
            [
                7.518901109695435,
                28.4140625
            ],
            [
                8.020224332809448,
                28.4140625
            ],
            [
                8.522633075714111,
                28.4140625
            ],
            [
                9.023916244506836,
                28.4140625
            ],
            [
                9.526914358139038,
                28.4140625
            ],
            [
                10.031926393508911,
                28.4140625
            ],
            [
                10.532898664474487,
                28.4140625
            ],
            [
                11.035852193832397,
                28.4140625
            ],
            [
                11.537532329559326,
                28.4140625
            ],
            [
                12.039355993270874,
                28.4140625
            ],
            [
                12.540899276733398,
                28.4140625
            ],
            [
                13.041987657546997,
                28.4140625
            ],
            [
                13.542890548706055,
                28.4140625
            ],
            [
                14.044086694717407,
                28.4140625
            ],
            [
                14.544880151748657,
                28.4140625
            ],
            [
                15.046126365661621,
                28.4140625
            ],
            [
                15.547607660293579,
                28.4140625
            ],
            [
                16.04890775680542,
                28.4140625
            ],
            [
                16.549920558929443,
                28.4140625
            ],
            [
                17.050888299942017,
                28.4140625
            ],
            [
                17.551888704299927,
                28.4140625
            ],
            [
                18.05436944961548,
                28.4140625
            ],
            [
                18.557008981704712,
                28.4140625
            ],
            [
                19.05790686607361,
                28.4140625
            ],
            [
                19.55928635597229,
                28.4140625
            ],
            [
                20.06149435043335,
                28.4140625
            ]
        ]
    },
    "3_opt": {
        "ops_time": 8.427297592163086,
        "total_time": 24.923576593399048,
        "final_memory_usage": 28.25390625,