{
    "1_plain": {
        "ops_time": 11.713589191436768,
        "total_time": 20.396905660629272,
        "final_memory_usage": 28.4140625,
        "memory_usage_over_time": [
            [
                0.0011115074157714844,
                28.2890625
            ],
            [
                0.5016531944274902,
                28.4140625
            ],
            [
                1.0026299953460693,
                28.4140625
            ],
            [
                1.5041043758392334,
                28.4140625
            ],
            [
                2.005866765975952,
                28.4140625
            ],
            [
                2.506850242614746,
                28.4140625
            ],
            [
                3.0078415870666504,
                28.4140625
            ],
            [
                3.508634567260742,
                28.4140625
            ],
            [
                4.009640216827393,
                28.4140625
            ],
            [
                4.510645389556885,
                28.4140625
            ],
            [
                5.011685371398926,
                28.4140625
            ],
            [
                5.512669801712036,
                28.4140625
            ],
            [
                6.014181852340698,
                28.4140625
            ],
            [
                6.515154123306274,
                28.4140625
            ],
            [
                7.016186475753784,
                28.4140625
            ],
            [
                7.517077684402466,
                28.4140625
            ],
            [
                8.019124984741211,
                28.4140625
            ],
            [
                8.52020788192749,
                28.4140625
            ],
            [
                9.021126985549927,
                28.4140625
            ],
            [
                9.522060632705688,
                28.4140625
            ],
            [
                10.023786544799805,
                28.4140625
            ],
            [
                10.52608609199524,
                28.4140625
            ],
            [
                11.02707815170288,
                28.4140625
            ],
            [
                11.528481483459473,
                28.4140625
            ],
            [
                12.029058933258057,
                28.4140625
            ],
            [
                12.530056238174438,
                28.4140625
            ],
            [
                13.031065702438354,
                28.4140625
            ],
            [
                13.532067775726318,
                28.4140625
            ],
            [
                14.033077955245972,
                28.4140625
            ],
            [
                14.534062385559082,
                28.4140625
            ],
            [
                15.035059452056885,
                28.4140625
            ],
            [
                15.536073207855225,
                28.4140625
            ],
            [
                16.03779435157776,
                28.4140625
            ],
            [
                16.539066553115845,
                28.4140625
            ],
            [
                17.040095329284668,
                28.4140625
            ],
            [
                17.541446924209595,
                28.4140625
            ],
            [
                18.043060541152954,
                28.4140625
            ],
            [
                18.544085264205933,
                28.4140625
            ],
            [
                19.04508113861084,
                28.4140625
            ],
            [
                19.546082019805908,
                28.4140625
            ],
            [
                20.0472731590271,
                28.4140625
            ]
        ]
    },
    "1_opt": {
        "ops_time": 8.512593746185303,
        "total_time": 24.83332848548889,
        "final_memory_usage": 28.2734375,